{
    "config": {
        "step": {
            "user": {
                "title": "Set up OpenMediaVault",
                "description": "Set up OpenMediaVault integration.",
                "data": {
                    "name": "Name of the integration",
                    "host": "Host",
                    "username": "Username",
                    "password": "Password",
                    "ssl": "Use SSL",
                    "verify_ssl": "Verify SSL certificate"
                }
            }
        },
        "error": {
            "name_exists": "Name already exists.",
            "cannot_connect": "Cannot connect to OpenMediaVault.",
            "wrong_login": "Invalid user name or password.",
            "ssl_verify_failed": "SSL certificate verify failed.",
            "no_respose": "No response from host.",
            "400": "Bad request.",
            "401": "No authorization for this endpoint.",
            "404": "API not found on this host.",
            "500": "Internal error.",
            "501": "Server does not support the functionality.",
            "5001": "OpenMediaVault connection timeout."
        }
    }
}